time_s,type,name,hold_ms,gap_ms
0.349,MOUSE,right,50,0
0.703,MOUSE,left,1,304
0.753,MOUSE,left,1,49
0.804,MOUSE,left,1,50
0.848,MOUSE,right,427,43
1.486,KEY,2,106,212
1.457,KEY,vk0x5b,168,0
1.999,MOUSE,right,226,373
2.806,MOUSE,left,1,581
2.856,MOUSE,left,1,49
2.907,MOUSE,left,1,50
2.957,MOUSE,left,1,49
3.007,MOUSE,left,1,49
3.058,MOUSE,left,1,50
3.108,MOUSE,left,1,49
3.159,MOUSE,left,1,50
3.209,MOUSE,left,1,49
3.305,KEY,vk0x5b,125,96
3.391,KEY,1,102,0
3.868,MOUSE,left,1,374
3.918,MOUSE,left,1,49
3.993,MOUSE,right,196,74
4.212,MOUSE,left,1,23
4.262,MOUSE,left,1,49
4.313,MOUSE,left,1,50
4.363,MOUSE,left,1,49
4.413,MOUSE,left,1,49
4.464,MOUSE,left,1,50
4.514,MOUSE,left,1,49
4.645,KEY,d,314,131
5.101,KEY,s,121,142
5.677,MOUSE,left,1,454
5.728,MOUSE,left,1,50
5.778,MOUSE,left,1,49
5.828,MOUSE,left,1,49
5.879,MOUSE,left,1,50
6.069,MOUSE,left,1,189
6.121,MOUSE,left,1,51
6.169,MOUSE,left,1,47
6.22,MOUSE,left,1,50
6.27,MOUSE,left,1,49
6.321,MOUSE,left,1,50
6.762,KEY,vk0x5b,25,440
6.762,KEY,2,25,0
6.758,KEY,f1,79,0
6.963,KEY,1,141,125
7.157,KEY,vk0x5b,25,53
7.158,KEY,1,25,0
8.934,MOUSE,left,56,1752
9.059,MOUSE,right,638,68
9.904,MOUSE,left,111,207
10.276,MOUSE,left,69,261
10.576,KEY,vk0x5b,137,232
10.615,KEY,2,113,0
11.918,MOUSE,left,88,1190
12.909,MOUSE,left,90,903
13.15,MOUSE,left,86,151
13.428,KEY,vk0x5b,117,192
13.508,KEY,1,135,0
14.462,KEY,vk0x5b,25,819
14.463,KEY,2,24,0
14.459,KEY,f1,79,0
14.649,KEY,1,140,111
14.84,KEY,vk0x5b,25,51
14.841,KEY,1,25,0
16.559,KEY,tab,131,1693
16.499,KEY,lalt,586,0
16.999,KEY,tab,129,0
18.197,MOUSE,left,39,1069
20.022,MOUSE,left,1,1786
20.073,MOUSE,left,1,50
20.403,MOUSE,left,1,329
20.453,MOUSE,left,1,49
20.503,MOUSE,left,1,49
20.852,KEY,3,79,348
20.694,KEY,vk0x5b,466,0
21.077,KEY,1,161,0
21.501,MOUSE,left,1,263
21.551,MOUSE,left,1,49
21.602,MOUSE,left,1,50
21.652,MOUSE,left,1,49
23.406,KEY,3,96,1753
23.221,KEY,vk0x5b,651,0
23.729,KEY,1,190,0
24.256,KEY,2,124,337
24.183,KEY,vk0x5b,591,0
24.706,KEY,1,132,0
25.513,KEY,vk0x5b,25,675
25.514,KEY,2,25,0
25.51,KEY,f1,100,0
25.719,KEY,1,143,109
25.913,KEY,vk0x5b,25,51
25.914,KEY,1,25,0
26.893,MOUSE,left,73,954
31.765,MOUSE,left,51,4799
33.375,MOUSE,left,6041,1559
42.638,MOUSE,left,3684,3222
47.12,KEY,c,79,798
47.042,KEY,lctrl,209,0
47.253,MOUSE,left,52,2
47.435,KEY,v,71,130
47.382,KEY,lctrl,180,0
47.69,KEY,tab,148,128
49.672,MOUSE,left,47,1834
47.662,KEY,lalt,2117,0
49.968,MOUSE,left,53,189
50.081,KEY,a,65,60
50.035,KEY,lctrl,159,0
50.289,KEY,lalt,75,95
50.28,KEY,lshift,131,0
50.46,KEY,r,140,49
50.523,KEY,e,96,0
50.646,KEY,l,91,27
50.742,KEY,f,89,5
51.141,KEY,a,70,310
51.13,KEY,lctrl,122,0
51.344,KEY,lalt,29,92
51.342,KEY,lshift,90,0
51.478,KEY,r,170,46
51.601,KEY,e,84,0
51.755,KEY,l,71,70
51.87,KEY,f,77,44
51.938,KEY,space,73,0
52.094,KEY,l,96,83
52.211,KEY,t,65,21
52.293,KEY,k,115,17
52.434,KEY,b,114,26
52.558,KEY,c,108,10
52.629,KEY,m,106,0
52.736,KEY,space,57,1
52.915,KEY,lalt,70,122
53.067,KEY,r,85,82
53.178,KEY,m,114,26
53.295,KEY,b,97,3
52.907,KEY,lshift,555,0
53.4,KEY,space,77,0
53.812,KEY,lalt,75,335
53.813,KEY,lshift,110,0
54.032,KEY,lalt,79,109
54.076,KEY,lshift,48,0
54.202,KEY,b,61,78
54.291,KEY,u,85,28
54.393,KEY,r,109,17
54.512,KEY,s,134,10
54.597,KEY,t,92,0
54.681,KEY,space,63,0
54.876,KEY,lalt,65,132
54.854,KEY,lshift,97,0
55.06,KEY,b,137,109
55.619,KEY,p,69,422
55.755,KEY,space,53,67
55.859,KEY,d,107,51
55.947,KEY,c,43,0
56.076,KEY,t,75,86
56.134,KEY,[,75,0
56.246,KEY,space,82,37
56.616,KEY,',103,288
56.78,KEY,n,89,61
56.86,KEY,b,101,0
56.937,KEY,space,54,0
57.094,KEY,r,95,103
57.199,KEY,j,85,10
57.321,KEY,v,80,37
57.448,KEY,v,88,47
57.499,KEY,f,143,0
57.629,KEY,y,78,0
57.728,KEY,l,79,21
57.82,KEY,lshift,202,13
57.923,KEY,/,107,0
57.979,KEY,space,61,0
58.141,KEY,j,86,101
58.19,KEY,y,56,0
58.376,KEY,b,67,130
58.4,KEY,space,69,0
58.539,KEY,l,79,70
59.097,KEY,backspace,118,479
59.259,KEY,t,54,44
59.187,KEY,y,140,0
59.304,KEY,space,91,0
59.374,KEY,l,88,0
59.522,KEY,j,121,60
59.612,KEY,k,75,0
59.708,KEY,;,103,21
59.771,KEY,y,98,0
59.909,KEY,s,95,40
59.993,KEY,space,40,0
60.128,KEY,y,58,95
60.305,KEY,b,66,119
60.446,KEY,r,147,75
60.544,KEY,e,50,0
60.579,KEY,l,88,0
60.69,KEY,f,95,23
60.753,KEY,space,71,0
60.862,KEY,b,146,38
60.956,KEY,c,167,0
61.267,KEY,x,80,144
61.355,KEY,t,71,8
61.464,KEY,p,89,38
61.609,KEY,f,83,56
61.734,KEY,n,76,42
61.75,KEY,m,70,0
61.966,KEY,/,72,146
61.853,KEY,lshift,227,0
62.044,KEY,space,51,0
62.179,KEY,z,103,84
62.229,KEY,space,62,0
62.312,KEY,[,81,21
62.445,KEY,j,56,52
62.583,KEY,t,86,82
62.654,KEY,n,81,0
62.83,KEY,space,42,95
62.87,KEY,k,63,0
63.106,KEY,backspace,20,173
63.286,KEY,backspace,74,160
63.207,KEY,lctrl,198,0
63.572,KEY,[,67,167
63.731,KEY,j,54,92
63.878,KEY,n,67,93
63.965,KEY,t,63,20
64.057,KEY,k,83,29
64.142,KEY,space,60,2
64.251,KEY,g,67,49
64.283,KEY,h,82,0
64.364,KEY,j,64,0
64.468,KEY,c,100,40
64.543,KEY,n,75,0
64.567,KEY,j,75,0
64.62,KEY,space,62,0
64.738,KEY,h,118,56
64.813,KEY,f,94,0
64.901,KEY,p,103,0
64.974,KEY,y,73,0
65.157,KEY,b,77,110
65.448,KEY,backspace,65,214
65.501,KEY,t,117,0
65.599,KEY,c,77,0
65.686,KEY,n,74,10
65.764,KEY,b,72,4
65.811,KEY,space,82,0
65.972,KEY,y,77,79
66.003,KEY,f,77,0
66.051,KEY,space,77,0
66.15,KEY,h,127,22
66.226,KEY,f,98,0
66.27,KEY,p,99,0
66.358,KEY,y,74,0
66.491,KEY,s,150,59
66.571,KEY,t,103,0
66.631,KEY,space,71,0
66.759,KEY,r,69,57
66.894,KEY,y,93,66
67.03,KEY,j,101,43
67.121,KEY,g,121,0
67.194,KEY,r,99,0
67.359,KEY,b,155,66
67.47,KEY,space,129,0
67.979,KEY,r,118,380
68.104,KEY,k,115,7
68.221,KEY,f,138,2
68.304,KEY,d,120,0
68.519,KEY,b,97,95
68.794,KEY,f,107,178
68.911,KEY,n,94,10
69.013,KEY,e,107,8
69.127,KEY,h,106,7
69.26,KEY,s,103,27
69.329,KEY,space,94,0
69.504,KEY,f,143,81
69.57,KEY,r,98,0
69.664,KEY,n,103,0
69.772,KEY,b,50,5
69.826,KEY,d,174,4
69.921,KEY,f,116,0
70.12,KEY,w,77,83
70.246,KEY,b,145,49
70.348,KEY,.,125,0
70.447,KEY,space,67,0
70.55,KEY,b,106,36
70.62,KEY,space,86,0
70.889,KEY,b,104,183
71.009,KEY,c,77,16
71.472,KEY,g,85,386
71.569,KEY,j,141,12
71.812,KEY,k,98,102
71.922,KEY,y,87,12
72.008,KEY,t,143,0
72.088,KEY,y,91,0
72.279,KEY,b,103,100
72.589,KEY,t,68,207
72.697,KEY,lshift,168,40
72.759,KEY,/,113,0
72.833,KEY,space,69,0
72.947,KEY,x,96,45
73.014,KEY,n,66,0
73.025,KEY,j,96,0
73.104,KEY,space,77,0
73.222,KEY,b,101,41
73.458,KEY,v,82,135
73.662,KEY,backspace,51,122
73.799,KEY,backspace,77,86
73.827,KEY,v,144,0
73.89,KEY,s,93,0
73.931,KEY,space,64,0
74.052,KEY,b,118,57
74.113,KEY,space,93,0
74.222,KEY,c,101,16
74.308,KEY,l,83,0
74.388,KEY,t,80,0
74.495,KEY,k,77,27
74.538,KEY,f,125,0
74.668,KEY,k,99,5
74.769,KEY,b,71,2
75.0,KEY,/,82,160
74.934,KEY,lshift,179,0
75.053,KEY,space,76,0
75.196,KEY,d,106,67
75.284,KEY,t,119,0
75.4,KEY,h,82,0
75.485,KEY,y,89,3
75.677,KEY,b,123,103
75.736,KEY,space,102,0
75.972,KEY,lalt,104,134
76.091,KEY,r,80,15
76.202,KEY,m,92,31
76.309,KEY,b,142,15
75.965,KEY,lshift,553,0
76.438,KEY,space,107,0
76.538,KEY,lshift,20,0
76.733,KEY,b,46,175
76.839,KEY,u,71,60
77.055,KEY,r,144,145
77.172,KEY,s,48,0
77.825,KEY,t,128,605
77.918,KEY,s,115,0
77.989,KEY,space,78,0
78.207,KEY,lalt,72,140
78.202,KEY,lshift,81,0
78.335,KEY,d,82,52
78.386,KEY,t,105,0
78.438,KEY,p,82,0
78.603,KEY,l,117,83
78.76,KEY,t,99,40
78.901,KEY,space,101,42
79.196,KEY,u,95,194
79.351,KEY,l,94,60
79.458,KEY,t,99,13
79.51,KEY,space,83,0
79.585,KEY,j,90,0
79.678,KEY,y,76,3
79.865,KEY,b,108,111
79.922,KEY,space,125,0
80.009,KEY,",",72,0
80.106,KEY,s,127,25
80.186,KEY,k,99,0
80.273,KEY,b,122,0
80.963,KEY,lalt,80,568
80.973,KEY,lshift,99,0
82.256,MOUSE,left,43,1184
82.764,KEY,a,109,465
82.801,KEY,c,102,0
82.573,KEY,lctrl,375,0
83.189,KEY,lalt,140,241
83.272,KEY,tab,86,0
84.0,KEY,v,59,642
83.938,KEY,lctrl,135,0
84.248,KEY,enter,72,175
85.809,MOUSE,left,53,1489
86.881,MOUSE,right,69,1019
87.216,MOUSE,left,1,266
87.266,MOUSE,left,1,49
87.317,MOUSE,left,1,50
87.437,MOUSE,right,195,119
87.683,MOUSE,left,1,51
87.733,MOUSE,left,1,49
87.784,MOUSE,left,1,50
87.834,MOUSE,left,1,49
87.885,MOUSE,left,1,50
89.214,MOUSE,left,67,1328
105.488,MOUSE,right,93,16207
105.987,MOUSE,left,67,406
106.664,MOUSE,left,67,610
108.15,MOUSE,left,104,1419
108.947,MOUSE,left,68,694
109.86,MOUSE,left,55,845
127.482,MOUSE,left,113,17567
131.545,MOUSE,left,66,3950
133.077,MOUSE,left,51,1466
134.33,MOUSE,left,83,1202
135.438,MOUSE,left,75,1025
136.055,MOUSE,left,63,542
136.843,MOUSE,left,69,725
137.78,MOUSE,left,63,868
139.027,MOUSE,left,83,1184
139.153,MOUSE,left,55,43
141.363,MOUSE,right,54,2155
141.838,MOUSE,left,1,421
141.888,MOUSE,left,1,49
141.993,MOUSE,right,96,104
143.022,MOUSE,left,1,933
143.072,MOUSE,left,1,49
143.122,MOUSE,left,1,49
143.173,MOUSE,left,1,50
143.223,MOUSE,left,1,49
143.406,MOUSE,left,1,182
143.456,MOUSE,left,1,49
143.507,MOUSE,left,1,50
143.557,MOUSE,left,1,49
143.608,MOUSE,left,1,50
143.658,MOUSE,left,1,49
143.708,MOUSE,left,1,49
144.747,KEY,vk0x5b,25,1038
144.748,KEY,2,25,0
145.08,MOUSE,right,77,307
145.204,MOUSE,right,56,47
145.333,KEY,1,87,73
145.472,KEY,vk0x5b,25,52
145.473,KEY,1,24,0
146.189,MOUSE,left,1,692
146.24,MOUSE,left,1,50
146.29,MOUSE,left,1,49
146.403,MOUSE,left,1,112
146.454,MOUSE,left,1,50
146.504,MOUSE,left,1,49
146.799,KEY,1,122,295
147.306,MOUSE,right,115,384
147.715,KEY,1,80,295
147.901,KEY,1,104,106
149.026,MOUSE,right,155,1020
149.329,KEY,1,124,149
149.67,KEY,1,61,217
149.935,KEY,1,76,204
150.136,KEY,1,106,125
150.63,KEY,1,144,388
151.096,MOUSE,left,85,321
151.377,KEY,vk0x5b,25,196
151.378,KEY,2,24,0
151.673,MOUSE,right,71,271
151.809,MOUSE,right,55,65
151.915,MOUSE,right,52,51
152.02,KEY,1,80,53
152.152,KEY,vk0x5b,25,52
152.153,KEY,1,25,0
152.762,MOUSE,left,1,584
152.812,MOUSE,left,1,49
152.863,MOUSE,left,1,50
153.106,MOUSE,left,1,242
153.156,MOUSE,left,1,49
153.714,KEY,1,123,558
153.949,KEY,1,177,112
155.076,MOUSE,left,70,950
155.413,KEY,vk0x5b,25,267
155.414,KEY,2,25,0
155.689,MOUSE,right,57,250
155.82,MOUSE,right,42,73
155.907,KEY,1,103,46
156.061,KEY,vk0x5b,25,51
156.062,KEY,1,25,0
156.473,MOUSE,left,1,386
156.524,MOUSE,left,1,50
156.574,MOUSE,left,1,49
156.87,MOUSE,left,1,295
156.921,MOUSE,left,1,50
156.971,MOUSE,left,1,49
157.022,MOUSE,left,1,50
157.141,KEY,1,132,118
157.526,MOUSE,right,167,253
158.604,MOUSE,left,1,911
158.655,MOUSE,left,1,50
158.705,MOUSE,left,1,49
158.918,KEY,vk0x5b,25,212
158.919,KEY,2,24,0
159.097,KEY,f1,52,153
159.173,MOUSE,right,74,24
159.29,MOUSE,right,80,43
159.385,KEY,1,81,15
159.584,KEY,vk0x5b,25,118
159.585,KEY,1,25,0
160.911,MOUSE,right,176,1301
161.492,KEY,1,65,405
161.87,MOUSE,left,72,313
162.215,KEY,vk0x5b,25,273
162.216,KEY,2,24,0
162.53,MOUSE,right,39,290
162.642,MOUSE,right,67,73
162.772,KEY,1,107,63
162.931,KEY,vk0x5b,25,52
162.932,KEY,1,25,0
163.047,KEY,1,128,90
163.262,KEY,1,161,87
163.825,MOUSE,left,1,402
163.876,MOUSE,left,1,50
163.926,MOUSE,left,1,49
164.569,MOUSE,left,1,642
164.62,MOUSE,left,1,50
164.785,MOUSE,right,190,164
165.082,KEY,1,156,107
165.324,MOUSE,right,221,86
165.777,KEY,1,117,232
165.867,MOUSE,right,181,0
166.674,MOUSE,left,1,626
166.725,MOUSE,left,1,50
166.775,MOUSE,left,1,49
166.826,MOUSE,left,1,50
166.876,MOUSE,left,1,49
166.926,MOUSE,left,1,49
167.12,KEY,vk0x5b,25,193
167.121,KEY,2,24,0
167.458,MOUSE,right,55,312
167.568,MOUSE,right,70,55
167.699,KEY,1,71,61
167.822,KEY,1,6,52
167.821,KEY,vk0x5b,25,0
167.942,KEY,1,166,96
168.221,KEY,1,140,113
168.641,MOUSE,left,1,280
168.691,MOUSE,left,1,49
168.742,MOUSE,left,1,50
169.057,MOUSE,left,1,314
169.107,MOUSE,left,1,49
169.157,MOUSE,left,1,49
169.363,KEY,1,141,205
169.966,MOUSE,right,268,462
170.714,KEY,lshift,171,480
170.764,MOUSE,right,149,0
170.968,KEY,lshift,165,55
171.777,MOUSE,right,200,644
173.525,KEY,1,109,1548
173.502,MOUSE,right,156,0
173.876,KEY,r,96,218
174.306,KEY,vk0x5b,25,334
174.307,KEY,2,25,0
174.608,MOUSE,right,78,276
174.731,KEY,1,76,45
174.748,MOUSE,right,66,0
174.889,MOUSE,right,45,75
174.932,KEY,1,147,0
175.15,KEY,vk0x5b,25,71
175.151,KEY,1,25,0
175.2,KEY,1,123,24
175.623,KEY,vk0x5b,259,300
176.128,KEY,vk0x5b,81,246
176.33,MOUSE,right,204,121
176.796,MOUSE,right,225,262
177.788,KEY,r,59,767
178.217,KEY,vk0x5b,25,370
178.218,KEY,2,24,0
178.541,MOUSE,right,68,299
178.675,MOUSE,right,53,66
178.771,KEY,1,81,43
178.904,KEY,vk0x5b,25,52
178.905,KEY,1,25,0
179.373,MOUSE,right,143,443
179.526,KEY,r,93,10
179.75,KEY,1,204,131
180.288,KEY,vk0x5b,25,334
180.289,KEY,2,24,0
180.591,MOUSE,right,68,278
180.735,MOUSE,right,54,76
180.837,KEY,1,112,48
181.001,KEY,vk0x5b,25,52
181.002,KEY,1,25,0
182.118,KEY,vk0x5b,207,1091
182.158,KEY,2,169,0
183.334,KEY,vk0x5b,246,1007
183.6,KEY,vk0x5b,54,20
183.849,KEY,vk0x5b,58,195
184.238,MOUSE,right,105,331
184.418,KEY,1,75,75
184.605,KEY,1,105,112
184.964,KEY,vk0x5b,106,254
185.009,KEY,1,139,0
185.411,KEY,r,96,263
185.617,KEY,1,191,110
186.035,KEY,vk0x5b,25,227
186.036,KEY,2,24,0
186.383,MOUSE,right,57,323
186.485,MOUSE,right,67,45
186.604,MOUSE,right,51,52
186.704,KEY,1,111,49
186.866,KEY,vk0x5b,25,51
186.867,KEY,1,24,0
187.387,KEY,1,131,496
187.724,KEY,1,150,206
188.748,KEY,r,134,874
189.16,KEY,vk0x5b,25,278
189.161,KEY,2,25,0
189.492,MOUSE,right,79,306
189.638,MOUSE,right,49,67
189.734,MOUSE,right,48,47
189.856,KEY,1,115,74
190.022,KEY,vk0x5b,25,51
190.023,KEY,1,24,0
190.605,KEY,1,119,558
190.816,KEY,1,183,92
192.409,KEY,r,71,1410
192.61,KEY,1,130,130
192.86,KEY,vk0x5b,25,120
192.861,KEY,2,24,0
193.189,MOUSE,right,44,303
193.312,MOUSE,right,77,79
193.455,MOUSE,right,44,66
193.547,KEY,1,94,48
193.693,KEY,vk0x5b,25,52
193.694,KEY,1,25,0
194.003,KEY,1,68,285
194.234,KEY,1,131,163
194.739,KEY,1,139,374
195.446,MOUSE,left,1,568
195.496,MOUSE,left,1,49
195.546,MOUSE,left,1,49
195.597,MOUSE,left,1,50
195.647,MOUSE,left,1,49
195.698,MOUSE,left,1,50
195.748,MOUSE,left,1,49
195.799,MOUSE,left,1,50
195.849,MOUSE,left,1,49
195.899,MOUSE,left,1,49
195.95,MOUSE,left,1,50
196.0,MOUSE,left,1,49
196.051,MOUSE,left,1,50
196.101,MOUSE,left,1,49
196.152,MOUSE,left,1,50
196.333,KEY,tab,62,180
197.641,MOUSE,left,59,1246
198.365,KEY,f4,101,665
198.582,KEY,tab,112,116
199.389,MOUSE,left,43,695
196.236,KEY,lalt,3332,0
201.594,MOUSE,left,107,2026
203.012,MOUSE,left,63,1311
204.05,MOUSE,left,61,975
207.442,MOUSE,left,200,3332
207.706,MOUSE,left,66,64
208.508,KEY,3,64,735
208.652,MOUSE,left,59,81
208.761,MOUSE,left,60,50
208.947,KEY,4,61,125
209.188,MOUSE,left,60,181
209.351,KEY,lctrl,302,102
209.573,KEY,s,97,0
209.805,MOUSE,left,58,136
210.681,MOUSE,left,56,818
211.563,MOUSE,left,64,826
212.436,KEY,tab,91,808
213.046,MOUSE,left,58,519
212.392,KEY,lalt,841,0
213.52,MOUSE,left,1,287
213.571,MOUSE,left,1,50
